ID,Behavior
40,Associate Appearance
41,Bagger Attentive
44,Cashier Attentive
45,Cashier Genuine
46,Cashier Conversation
57,Fresh Environment
58,Genuine Thank
65,FES Present or Found
67,SCO Attentive
68,SCO Attendant Genuine
69,SCO Attendant Ensured Issue Addressed
70,SCO Attendant Conversation
73,SCO Attendant Present or Found
77,Cashier Verbal Greeting
78,Cashier Smiled
79,Cashier Eye Contact
80,Bagger Verbal Greeting
81,Bagger Smiled
82,Bagger Eye Contact
83,SCO Attendant Verbal Greeting
84,SCO Attendant Smiled
85,SCO Attendant Eye Contact
111,FES Present or Found
129,SCO Attendant Eye Contact
130,SCO Attendant Smiled
131,SCO Attendant Verbal Greeting
132,SCO Attendant Eye Contact
133,SCO Attendant Smiled
134,SCO Attendant Verbal Greeting
135,FES Present or Found
